<resources>

    <style name="Theme.MyCalculator" parent="Theme.MaterialComponents.Light.DarkActionBar">
        <item name="colorPrimary">#6200EE</item>
        <item name="colorPrimaryVariant">#3700B3</item>
        <item name="colorOnPrimary">#FFFFFF</item>
        <item name="colorSecondary">#03DAC5</item>
    </style>

    <style name="ButtonStyle">
        <item name="android:layout_width">70dp</item>
        <item name="android:layout_height">70dp</item>
        <item name="android:textSize">24sp</item>
        <item name="android:background">#DADADA</item>
        <item name="android:textColor">#000000</item>
        <item name="android:layout_margin">5dp</item>
    </style>

    <style name="OperatorStyle">
        <item name="android:layout_width">70dp</item>
        <item name="android:layout_height">70dp</item>
        <item name="android:textSize">24sp</item>
        <item name="android:background">#FF9800</item>
        <item name="android:textColor">#FFFFFF</item>
        <item name="android:layout_margin">5dp</item>
    </style>

</resources>
